method,mean,median,ge1
OpenAI Baselines PPO2,4.54578947368421,0.8,28
CleanRL EnvPool PPO,6.841228070175438,0.98,28
Codex best input mean,2.3427762956086453,0.8283015254994576,26
Codex best single run,3.8967649230310704,1.1813031161473089,36
